residue,chain,residue_name,residue_number,centroid_x,centroid_y,centroid_z,axial_t,radius_fitted,angle_fitted_rad
A:ALA4,A,ALA,4,14.590900,-4.484300,-0.711500,-0.058461,0.000031,1.775814
A:ALA5,A,ALA,5,14.601800,-4.397200,-0.684500,0.033377,0.000108,1.898218
A:ALA6,A,ALA,6,14.594200,-4.458300,-0.703300,-0.031000,0.000087,-1.202470
A:ALA7,A,ALA,7,14.605100,-4.371400,-0.676300,0.060648,0.000073,-1.180829
A:ALA8,A,ALA,8,14.597300,-4.433200,-0.695600,-0.004563,0.000024,2.421184
