residue,chain,residue_name,residue_number,centroid_x,centroid_y,centroid_z,axial_t,radius_fitted,angle_fitted_rad
A:ALA1,A,ALA,1,14.595200,-4.450700,-0.701100,-0.023908,0.000090,1.194053
A:ALA2,A,ALA,2,14.587900,-4.509300,-0.719200,-0.085673,0.000089,-0.083887
A:ALA3,A,ALA,3,14.598700,-4.422600,-0.692200,0.005774,0.000084,-1.501567
A:ALA4,A,ALA,4,14.590900,-4.484300,-0.711500,-0.059343,0.000068,2.357969
A:ALA5,A,ALA,5,14.601800,-4.397200,-0.684500,0.032495,0.000124,2.296011
A:ALA6,A,ALA,6,14.594200,-4.458300,-0.703300,-0.031882,0.000072,-1.744574
A:ALA7,A,ALA,7,14.605100,-4.371400,-0.676300,0.059767,0.000088,-1.817830
A:ALA8,A,ALA,8,14.597300,-4.433200,-0.695600,-0.005445,0.000065,2.870974
A:ALA9,A,ALA,9,14.608400,-4.346100,-0.668600,0.086417,0.000123,0.599089
A:ALA10,A,ALA,10,14.600600,-4.407400,-0.687500,0.021797,0.000065,-1.606214
