residue,chain,residue_name,residue_number,centroid_x,centroid_y,centroid_z,axial_t,radius_fitted,angle_fitted_rad
A:ALA3,A,ALA,3,14.598700,-4.422600,-0.692200,0.004412,0.000073,-1.026831
A:ALA4,A,ALA,4,14.590900,-4.484300,-0.711500,-0.060705,0.000052,1.955974
A:ALA5,A,ALA,5,14.601800,-4.397200,-0.684500,0.031133,0.000132,1.950829
A:ALA6,A,ALA,6,14.594200,-4.458300,-0.703300,-0.033244,0.000065,-1.293997
A:ALA7,A,ALA,7,14.605100,-4.371400,-0.676300,0.058404,0.000048,-1.294556
