residue,chain,residue_name,residue_number,centroid_x,centroid_y,centroid_z,axial_t,radius_fitted,angle_fitted_rad
CYP1,,CYP,1,-1.099000,-10.260167,47.038500,22.230955,13.827049,-2.825280
GLU2,,GLU,2,-5.620222,-12.589000,45.335000,20.925793,15.126412,3.107807
CYP3,,CYP,3,-6.101833,-8.314000,43.656833,20.154714,10.667689,3.035253
GLU4,,GLU,4,-11.180333,-8.081333,41.933444,19.387962,11.934566,2.573888
CYP5,,CYP,5,-9.458167,-4.140000,40.254167,18.181934,7.639388,2.449145
GLU6,,GLU,6,-13.738222,-1.401111,38.525444,17.727908,9.731094,1.870215
CYP7,,CYP,7,-10.275333,1.150500,36.846167,15.975515,6.086033,1.579654
GLU8,,GLU,8,-12.611556,5.661000,35.113333,15.508412,9.743991,1.067700
CYP9,,CYP,9,-8.335333,6.138167,33.436500,13.245388,7.142260,0.697382
GLU10,,GLU,10,-8.101667,11.212111,31.699333,12.440393,11.678186,0.394475
CYP11,,CYP,11,-4.160000,9.485000,30.026000,9.838844,9.437088,0.099356
GLU12,,GLU,12,-1.419556,13.760778,28.288111,8.463919,14.005249,-0.115077
CYP13,,CYP,13,1.132333,10.293500,26.619833,5.788137,11.438120,-0.332851
GLU14,,GLU,14,5.644000,12.625222,24.882667,3.762133,15.607637,-0.535695
CYP15,,CYP,15,6.121833,8.344500,23.217333,1.293646,12.451526,-0.700584
GLU16,,GLU,16,11.196889,8.106556,21.483889,-1.288944,15.947784,-0.924606
CYP17,,CYP,17,9.471167,4.160000,19.821000,-3.321138,12.222118,-1.054977
GLU18,,GLU,18,13.747667,1.415333,18.092000,-6.217385,14.925663,-1.323902
CYP19,,CYP,19,10.281500,-1.141333,16.428500,-7.703825,10.796781,-1.437051
GLU20,,GLU,20,12.613889,-5.657778,14.704889,-10.585741,12.854623,-1.781122
CYP21,,CYP,21,8.334167,-6.140000,13.038167,-11.562264,8.550491,-1.910857
GLU22,,GLU,22,8.097556,-11.219556,11.318222,-14.107025,10.545429,-2.366023
CYP23,,CYP,23,4.151500,-9.498167,9.648500,-14.744508,6.425166,-2.607740
GLU24,,GLU,24,1.408000,-13.778889,7.929556,-16.718930,9.424876,-3.126088
CYP25,,CYP,25,-1.148333,-10.316667,6.255167,-17.281675,6.254097,2.722581
GLU26,,GLU,26,-5.663444,-12.654889,4.535111,-18.605609,10.644418,2.378938
CYP27,,CYP,27,-6.144500,-8.379000,2.857333,-19.376246,8.586744,1.950773
GLU28,,GLU,28,-11.223333,-8.146889,1.133333,-20.143633,13.519974,1.767348
CYP29,,CYP,29,-9.501000,-4.205333,-0.546000,-21.349704,11.820536,1.439931
GLU30,,GLU,30,-13.512800,-1.315900,-2.374900,-21.919026,16.573919,1.282112
