unit_count,ensemble_type,sample_count,radius_of_gyration_A_mean,compactness_score_mean,contact_fraction_vs_target_mean,CYP_MEP_contact_fraction_vs_target_mean,axial_register_score_mean,angular_phase_order_score_mean,refined_angular_phase_score_mean,RMSD_to_formed_seed_A_mean,seed_formation_score_mean
4,angular_randomized_loose_initial,100,20.947779,0.546209,0.004777,0.004742,0.421120,0.542841,0.700126,19.824313,0.344769
4,formed_perturbed,100,11.426514,0.995587,0.801163,0.807992,0.891062,0.969745,0.997903,0.573260,0.910988
4,loose_initial,100,21.518548,0.530992,0.048711,0.046257,0.429335,0.987562,,14.227312,0.451495
5,angular_randomized_loose_initial,100,20.792097,0.569001,0.005504,0.005499,0.411398,0.555905,0.728058,18.944783,0.351245
5,formed_perturbed,100,11.812944,0.995874,0.804380,0.809377,0.894733,0.953949,0.992340,0.610194,0.908080
5,loose_initial,100,21.272999,0.555442,0.031111,0.032293,0.439734,0.986569,,14.211889,0.454793
6,angular_randomized_loose_initial,100,20.542320,0.597233,0.005931,0.005938,0.428850,0.563120,0.714995,19.035960,0.361553
6,formed_perturbed,100,12.223876,0.997380,0.805178,0.807726,0.894824,0.960604,0.996548,0.618511,0.909636
6,loose_initial,100,21.288039,0.575031,0.040523,0.039171,0.437444,0.986544,,14.793849,0.458598
7,angular_randomized_loose_initial,100,20.578058,0.620286,0.007473,0.007552,0.440355,0.532051,0.714252,19.521899,0.361750
7,formed_perturbed,100,12.757429,0.996952,0.805585,0.809685,0.885768,0.949528,0.992865,0.638805,0.904958
7,loose_initial,100,21.236836,0.600787,0.013621,0.013643,0.427521,0.986925,,15.105454,0.455685
