structure_file,atom_count,residue_count,chain_count,chain_ids,residue_names,min_x,max_x,min_y,max_y,min_z,max_z,centroid_x,centroid_y,centroid_z
inputs/structures/alanine_beta_sheet_central5_res3_to_7.pdb,60,5,1,A,ALA,4.188000,25.121000,-8.533000,0.140000,-2.942000,0.691000,14.602700,-4.390350,-0.682250
inputs/structures/alanine_beta_sheet_central5_res4_to_8.pdb,60,5,1,A,ALA,4.637000,24.480000,-9.409000,0.673000,-2.934000,0.691000,14.593100,-4.466900,-0.706083
inputs/structures/alanine_beta_sheet_full.pdb,120,10,1,A,ALA,-3.008000,32.355000,-10.284000,1.600000,-3.023000,0.799000,14.597775,-4.429875,-0.694558
inputs/structures/full_hexaplex_anti_parallel_30deg_ideal.pdb,7146,180,1,,CYP;GLU;MEP,-16.444000,16.441000,-16.442000,16.446000,-4.032000,51.633000,-0.000022,-0.000012,23.799928
inputs/structures/hexaplex_hexads_only.pdb,1620,90,1,,CYP;MEP,-7.409000,7.410000,-7.425000,7.413000,-0.014000,47.614000,-0.000016,-0.000033,23.799983
inputs/structures/hexaplex_scaffold_only_complement.pdb,5526,180,1,,CYP;GLU;MEP,-16.444000,16.441000,-16.442000,16.446000,-4.032000,51.633000,-0.000024,-0.000006,23.799911
