residue,chain,residue_name,residue_number,centroid_x,centroid_y,centroid_z,radius_xy,angle_xy_rad
A:ALA3,A,ALA,3,14.598700,-4.422600,-0.692200,15.253899,-0.294156
A:ALA4,A,ALA,4,14.590900,-4.484300,-0.711500,15.264446,-0.298173
A:ALA5,A,ALA,5,14.601800,-4.397200,-0.684500,15.249522,-0.292503
A:ALA6,A,ALA,6,14.594200,-4.458300,-0.703300,15.259984,-0.296481
A:ALA7,A,ALA,7,14.605100,-4.371400,-0.676300,15.245264,-0.290820
