residue,chain,residue_name,residue_number,centroid_x,centroid_y,centroid_z,radius_xy,angle_xy_rad
A:ALA1,A,ALA,1,14.595200,-4.450700,-0.701100,15.258722,-0.295985
A:ALA2,A,ALA,2,14.587900,-4.509300,-0.719200,15.268943,-0.299796
A:ALA3,A,ALA,3,14.598700,-4.422600,-0.692200,15.253899,-0.294156
A:ALA4,A,ALA,4,14.590900,-4.484300,-0.711500,15.264446,-0.298173
A:ALA5,A,ALA,5,14.601800,-4.397200,-0.684500,15.249522,-0.292503
A:ALA6,A,ALA,6,14.594200,-4.458300,-0.703300,15.259984,-0.296481
A:ALA7,A,ALA,7,14.605100,-4.371400,-0.676300,15.245264,-0.290820
A:ALA8,A,ALA,8,14.597300,-4.433200,-0.695600,15.255636,-0.294848
A:ALA9,A,ALA,9,14.608400,-4.346100,-0.668600,15.241192,-0.289168
A:ALA10,A,ALA,10,14.600600,-4.407400,-0.687500,15.251318,-0.293166
