residue_pair,count,min_distance_A
CYP3--GLU4,1,1.333753
CYP19--GLU18,1,1.333810
CYP9--GLU10,1,1.333867
CYP5--GLU6,1,1.334024
CYP21--GLU22,1,1.334087
CYP27--GLU28,1,1.334475
CYP25--GLU24,1,1.334506
CYP5--GLU4,1,1.334516
CYP17--GLU16,1,1.334522
CYP11--GLU12,1,1.334599
CYP23--GLU24,1,1.334708
CYP29--GLU28,1,1.334747
CYP7--GLU6,1,1.334752
CYP21--GLU20,1,1.334945
CYP29--GLU30,1,1.334947
CYP25--GLU26,1,1.335163
CYP7--GLU8,1,1.335186
CYP9--GLU8,1,1.335219
CYP1--GLU2,1,1.335256
CYP17--GLU18,1,1.335594
CYP13--GLU12,1,1.335686
CYP27--GLU26,1,1.335900
CYP3--GLU2,1,1.335944
CYP11--GLU10,1,1.336093
CYP15--GLU16,1,1.336096
CYP13--GLU14,1,1.336211
CYP19--GLU20,1,1.336358
CYP23--GLU22,1,1.336529
CYP15--GLU14,1,1.336530
GLU20--GLU22,1,4.482322
GLU10--GLU12,1,4.482653
GLU6--GLU8,1,4.482838
GLU16--GLU18,1,4.482851
GLU2--GLU4,1,4.482918
GLU18--GLU20,1,4.482978
GLU8--GLU10,1,4.483103
GLU22--GLU24,1,4.483240
GLU24--GLU26,1,4.483524
GLU12--GLU14,1,4.483573
GLU14--GLU16,1,4.483577
GLU4--GLU6,1,4.483584
GLU26--GLU28,1,4.484192
GLU28--GLU30,1,4.484279
