residue,chain,residue_name,residue_number,centroid_x,centroid_y,centroid_z,radius_xy,angle_xy_rad
CYP1,,CYP,1,-1.099000,-10.260167,47.038500,10.318858,-1.677503
GLU2,,GLU,2,-5.620222,-12.589000,45.335000,13.786581,-1.990685
CYP3,,CYP,3,-6.101833,-8.314000,43.656833,10.312854,-2.203928
GLU4,,GLU,4,-11.180333,-8.081333,41.933444,13.795209,-2.515717
CYP5,,CYP,5,-9.458167,-4.140000,40.254167,10.324559,-2.729000
GLU6,,GLU,6,-13.738222,-1.401111,38.525444,13.809485,-3.039958
CYP7,,CYP,7,-10.275333,1.150500,36.846167,10.339542,3.030090
GLU8,,GLU,8,-12.611556,5.661000,35.113333,13.823829,2.719675
CYP9,,CYP,9,-8.335333,6.138167,33.436500,10.351564,2.506850
GLU10,,GLU,10,-8.101667,11.212111,31.699333,13.832875,2.196518
CYP11,,CYP,11,-4.160000,9.485000,30.026000,10.357163,1.984119
GLU12,,GLU,12,-1.419556,13.760778,28.288111,13.833804,1.673592
CYP13,,CYP,13,1.132333,10.293500,26.619833,10.355594,1.461232
GLU14,,GLU,14,5.644000,12.625222,24.882667,13.829352,1.150405
CYP15,,CYP,15,6.121833,8.344500,23.217333,10.349276,0.937850
GLU16,,GLU,16,11.196889,8.106556,21.483889,13.823406,0.626653
CYP17,,CYP,17,9.471167,4.160000,19.821000,10.344496,0.413860
GLU18,,GLU,18,13.747667,1.415333,18.092000,13.820329,0.102589
CYP19,,CYP,19,10.281500,-1.141333,16.428500,10.344655,-0.110556
GLU20,,GLU,20,12.613889,-5.657778,14.704889,13.824639,-0.421635
CYP21,,CYP,21,8.334167,-6.140000,13.038167,10.351712,-0.634952
GLU22,,GLU,22,8.097556,-11.219556,11.318222,13.836504,-0.945631
CYP23,,CYP,23,4.151500,-9.498167,9.648500,10.365815,-1.158735
GLU24,,GLU,24,1.408000,-13.778889,7.929556,13.850641,-1.468964
CYP25,,CYP,25,-1.148333,-10.316667,6.255167,10.380380,-1.681649
GLU26,,GLU,26,-5.663444,-12.654889,4.535111,13.864372,-1.991594
CYP27,,CYP,27,-6.144500,-8.379000,2.857333,10.390501,-2.203537
GLU28,,GLU,28,-11.223333,-8.146889,1.133333,13.868490,-2.513702
CYP29,,CYP,29,-9.501000,-4.205333,-0.546000,10.390083,-2.724893
GLU30,,GLU,30,-13.512800,-1.315900,-2.374900,13.576721,-3.044517
